Workbook

Sheet Main Sheet
A1: Name | B1: Math | C1: Science | D1: English
A2: Student_1 | B2: 80 | C2: 46 | D2: 82
A3: Student_2 | B3: 47 | C3: 45 | D3: 57
A4: Student_3 | B4: 41 | C4: 64 | D4: 84
A5: Student_4 | B5: 87 | C5: 46 | D5: 99
A6: Student_5 | B6: 67 | C6: 62 | D6: 83 | I6: =VLOOKUP("Student_10",A1:D20,4,FALSE) -> 50
A7: Student_6 | B7: 55 | C7: 94 | D7: 81 | I7: =VLOOKUP(A6,A1:D20,2,FALSE) -> 67
A8: Student_7 | B8: 54 | C8: 62 | D8: 44
A9: Student_8 | B9: 48 | C9: 78 | D9: 78 | I9: =VLOOKUP("Student_13",A1:D20,3,FALSE) -> 45
A10: Student_9 | B10: 87 | C10: 56 | D10: 80
A11: Student_10 | B11: 46 | C11: 91 | D11: 50
A12: Student_11 | B12: 83 | C12: 42 | D12: 74
A13: Student_12 | B13: 87 | C13: 86 | D13: 86
A14: Student_13 | B14: 97 | C14: 45 | D14: 55
A15: Student_14 | B15: 74 | C15: 74 | D15: 50
A16: Student_15 | B16: 45 | C16: 47 | D16: 69
A17: Student_16 | B17: 77 | C17: 99 | D17: 64
A18: Student_17 | B18: 67 | C18: 64 | D18: 57
A19: Student_18 | B19: 42 | C19: 45 | D19: 99
A20: Student_19 | B20: 41 | C20: 75 | D20: 80

Sheet Sheet4
A1: Name | B1: Math
A2: Student_1 | B2: 84
A3: Student_2 | B3: 47
A4: Student_3 | B4: 41
A5: Student_4 | B5: 87
A6: Student_5 | B6: 57
A7: Student_6 | B7: 55
A8: Student_7 | B8: 54
A9: Student_8 | B9: 48
A10: Student_9 | B10: 87
A11: Student_10 | B11: 46

Sheet Sheet2
A1: Name | B1: Science
A2: Student_1 | B2: 46
A3: Student_2 | B3: 45
A4: Student_3 | B4: 64
A5: Student_4 | B5: 23
A6: Student_5 | B6: 62
A7: Student_6 | B7: 94
A8: Student_7 | B8: 62
A9: Student_8 | B9: 78
A10: Student_9 | B10: 56
A11: Student_10 | B11: 91

Sheet Sheet3
A1: Name | B1: English
A2: Student_1 | B2: 82
A3: Student_2 | B3: 57
A4: Student_3 | B4: 84
A5: Student_4 | B5: 99
A6: Student_5 | B6: 83
A7: Student_6 | B7: 81
A8: Student_7 | B8: 44
A9: Student_8 | B9: 100
A10: Student_9 | B10: 80
A11: Student_10 | B11: 50

Sheet Final Sheet 
A1: Name | B1: Maths | C1: Science | D1: English | E1: Aggregate
A2: Student_1 | B2: =VLOOKUP(A2,Sheet4!A1:B11,2,FALSE) -> 84 | C2: =VLOOKUP(A2,Sheet2!A1:B11,2,FALSE) -> 46 | D2: =VLOOKUP(A2,Sheet3!A1:B11,2,FALSE) -> 82 | E2: =ROUND(AVERAGE(B2:D2),2) -> 70.67
A3: Student_2 | B3: =VLOOKUP(A3,Sheet4!A2:B12,2,FALSE) -> 47 | C3: =VLOOKUP(A3,Sheet2!A2:B12,2,FALSE) -> 45 | D3: =VLOOKUP(A3,Sheet3!A2:B12,2,FALSE) -> 57 | E3: =ROUND(AVERAGE(B3:D3),2) -> 49.67
A4: Student_3 | B4: =VLOOKUP(A4,Sheet4!A3:B13,2,FALSE) -> 41 | C4: =VLOOKUP(A4,Sheet2!A3:B13,2,FALSE) -> 64 | D4: =VLOOKUP(A4,Sheet3!A3:B13,2,FALSE) -> 84 | E4: =ROUND(AVERAGE(B4:D4),2) -> 63
A5: Student_4 | B5: =VLOOKUP(A5,Sheet4!A4:B14,2,FALSE) -> 87 | C5: =VLOOKUP(A5,Sheet2!A4:B14,2,FALSE) -> 23 | D5: =VLOOKUP(A5,Sheet3!A4:B14,2,FALSE) -> 99 | E5: =ROUND(AVERAGE(B5:D5),2) -> 69.67
A6: Student_5 | B6: =VLOOKUP(A6,Sheet4!A5:B15,2,FALSE) -> 57 | C6: =VLOOKUP(A6,Sheet2!A5:B15,2,FALSE) -> 62 | D6: =VLOOKUP(A6,Sheet3!A5:B15,2,FALSE) -> 83 | E6: =ROUND(AVERAGE(B6:D6),2) -> 67.33
A7: Student_6 | B7: =VLOOKUP(A7,Sheet4!A6:B16,2,FALSE) -> 55 | C7: =VLOOKUP(A7,Sheet2!A6:B16,2,FALSE) -> 94 | D7: =VLOOKUP(A7,Sheet3!A6:B16,2,FALSE) -> 81 | E7: =ROUND(AVERAGE(B7:D7),2) -> 76.67
A8: Student_7 | B8: =VLOOKUP(A8,Sheet4!A7:B17,2,FALSE) -> 54 | C8: =VLOOKUP(A8,Sheet2!A7:B17,2,FALSE) -> 62 | D8: =VLOOKUP(A8,Sheet3!A7:B17,2,FALSE) -> 44 | E8: =ROUND(AVERAGE(B8:D8),2) -> 53.33
A9: Student_8 | B9: =VLOOKUP(A9,Sheet4!A8:B18,2,FALSE) -> 48 | C9: =VLOOKUP(A9,Sheet2!A8:B18,2,FALSE) -> 78 | D9: =VLOOKUP(A9,Sheet3!A8:B18,2,FALSE) -> 100 | E9: =ROUND(AVERAGE(B9:D9),2) -> 75.33
A10: Student_9 | B10: =VLOOKUP(A10,Sheet4!A9:B19,2,FALSE) -> 87 | C10: =VLOOKUP(A10,Sheet2!A9:B19,2,FALSE) -> 56 | D10: =VLOOKUP(A10,Sheet3!A9:B19,2,FALSE) -> 80 | E10: =ROUND(AVERAGE(B10:D10),2) -> 74.33
A11: Student_10 | B11: =VLOOKUP(A11,Sheet4!A10:B20,2,FALSE) -> 46 | C11: =VLOOKUP(A11,Sheet2!A10:B20,2,FALSE) -> 91 | D11: =VLOOKUP(A11,Sheet3!A10:B20,2,FALSE) -> 50 | E11: =ROUND(AVERAGE(B11:D11),2) -> 62.33
B15: a | C15: b | D15: c | E15: d
B16: 21 | C16: 23 | D16: 65 | E16: 98
C19: =HLOOKUP(D15,B15:E16,2,FALSE) -> 65
